Author,Birth Year,Death Year
"Aaberg, J. C. (Jens Christian)",1877.0,1970.0
"Abercrombie, John",1780.0,1844.0
"Abhedananda, Swami",1866.0,1939.0
"Abrahams, Israel",1858.0,1925.0
"Accum, Friedrich Christian",1769.0,1838.0
"Ackland, T. S. (Thomas Suter)",1817.0,1892.0
"Acton, John Emerich Edward Dalberg Acton, Baron",1834.0,1902.0
"Addams, Jane",1860.0,1935.0
"Adeney, Walter F. (Walter Frederic)",1849.0,1920.0
"Adlam, George Henry Joseph",1876.0,1946.0
"Aelfric, Abbot of Eynsham",950.0,1019.0
Aesop,,
"Agricola, Georg",1494.0,1555.0
"Ainsworth, Percy C. (Percy Clough)",1873.0,1909.0
"Alderson, Edward Hall, Sir",1787.0,1857.0
"Aldini, Giovanni",1762.0,1834.0
"Alger, William Rounseville",1822.0,1905.0
"Allbutt, T. Clifford (Thomas Clifford)",1836.0,1925.0
"Amberley, John Russell, viscount",1842.0,1876.0
"Ambrose, Saint, Bishop of Milan",,397.0
"Annet, Peter",1693.0,1769.0
"Antin, Mary",1881.0,1949.0
"Aquinas, Saint",,1274.0
"Arbuthnot, John",1667.0,1735.0
Aristophanes,-450.0,-388.0
Aristotle,-384.0,-322.0
"Armstrong, John",1709.0,1779.0
"Arnot, William",1808.0,1875.0
Aryasura,,
"Asbury, Herbert",1891.0,1963.0
"Asimov, Isaac",1920.0,1992.0
"Aston, W. G. (William George)",1841.0,1911.0
"Atkins, Gaius Glenn",1868.0,1956.0
"Atkinson, William Walker",1862.0,1932.0
"Atwater, John Birdseye",1855.0,1921.0
"Aubrey, John",1626.0,1697.0
"Auchincloss, W. S. (William Stuart)",1842.0,1928.0
"Augustine, Saint, Bishop of Hippo",354.0,430.0
"Aurelius, Emperor of Rome",121.0,180.0
"Austen, Jane",1775.0,1817.0
"Austin, John Mather",1805.0,1880.0
Averroës,1126.0,1198.0
"Aveson, Robert",1847.0,1939.0
Avicenna,980.0,1037.0
"Bab, ʻAli Muhammad Shirazi",1819.0,1850.0
"Babbage, Charles",1791.0,1871.0
"Babbitt, Irving",1865.0,1933.0
"Bacon, Francis",1561.0,1626.0
"Baden-Powell, B. H. (Baden Henry)",1841.0,1901.0
"Bagehot, Walter",1826.0,1877.0
"Baggally, W. W. (William Wortley)",,1928.0
Bahá'u'lláh,1817.0,1892.0
"Baird, Samuel J. (Samuel John)",1817.0,1893.0
"Bakunin, Mikhail Aleksandrovich",1814.0,1876.0
"Balfour, Arthur James",1848.0,1930.0
"Balmes, Jaime Luciano",1810.0,1848.0
"Balzac, Honoré de",1799.0,1850.0
"Barclay, Robert",1648.0,1690.0
"Baring-Gould, S. (Sabine)",1834.0,1924.0
"Barlow, George",,
"Barnes, Albert",1798.0,1870.0
"Barnett, Lionel D. (Lionel David)",1871.0,1960.0
"Barrett, Robert Emmett",1872.0,1949.0
"Barrie, J. M. (James Matthew)",1860.0,1937.0
"Barrow, Isaac",1630.0,1677.0
"Bartlett, George Willard",1857.0,
"Barton, William E. (William Eleazar)",1861.0,1930.0
"Bastiat, Frédéric",1801.0,1850.0
"Baudelaire, Charles",1821.0,1867.0
"Baughan, Rosa",,
"Beames, John",1837.0,1902.0
"Beardslee, Clark S. (Clark Smith)",1850.0,1914.0
Beauvoir,1908.0,1986.0
"Beaven, James",1801.0,1875.0
"Beeks, James C.",,
"Beers, Henry A. (Henry Augustin)",1847.0,1926.0
"Begbie, Harold",1871.0,1929.0
"Beibitz, J. H. (Joseph Hugh)",1868.0,1936.0
"Bellamy, Edward",1850.0,1898.0
"Benn, Alfred William",1843.0,1915.0
"Bennion, Adam S. (Adam Samuel)",1886.0,1958.0
"Bentham, Jeremy",1748.0,1832.0
"Bentwich, Norman",1883.0,1971.0
"Berens, E. M.",,
"Bergson, Henri",1859.0,1941.0
"Beringer, C. (Cornelius)",,
"Berkeley, George",1685.0,1753.0
"Berners, Juliana",,
"Bernstein, Aaron",1841.0,1912.0
"Berrick, F. H. (Francis H.)",1823.0,1897.0
"Besnier, Pierre",1648.0,1705.0
"Betson, Thomas",,
"Bevan, E. J. (Edward John)",1856.0,1921.0
"Beveridge, Albert J. (Albert Jeremiah)",1862.0,1927.0
"Beyer, H. Otley (Henry Otley)",1883.0,1966.0
"Bierce, Ambrose",1842.0,1913.0
"Bigandet, Paul Ambroise",1813.0,1894.0
"Binning, Hugh",1627.0,1653.0
"Björklund, Gustaf",1846.0,1903.0
"Blackford, Katherine M. H. (Katherine Melvina Huntsinger)",1875.0,1916.0
"Blaikie, William Garden",1820.0,1899.0
"Blake, William",1757.0,1827.0
"Blatchford, Robert",1851.0,1943.0
"Blavatsky, H. P. (Helena Petrovna)",1831.0,1891.0
"Bledsoe, Albert Taylor",1809.0,1877.0
"Bloomfield, Maurice",1855.0,1928.0
"Blount, James H. (James Henderson)",1869.0,1918.0
"Blyth, Alexander Wynter",1844.0,1921.0
"Boccaccio, Giovanni",1313.0,1375.0
"Boer, T. J. de (Tjitze J.)",1866.0,1942.0
"Boerhaave, Herman",1668.0,1738.0
Boethius,480.0,524.0
"Bok, Edward William",1863.0,1930.0
"Bolas, Bernard D. (Bernard Dell)",1893.0,
"Bonar, Andrew A. (Andrew Alexander)",1810.0,1892.0
"Bonnell, Jerry T.",,
"Boole, Mary Everest",1832.0,1916.0
"Boreham, Frank",1871.0,1959.0
"Bosanquet, Bernard",1848.0,1923.0
"Boudreaux, F. J.",1821.0,1894.0
"Bousfield, Paul",1880.0,1957.0
"Bowring, John",1792.0,1872.0
"Boykin, Anne",1944.0,
"Boyle, Robert",1627.0,1691.0
"Bradbury, Ray",1920.0,2012.0
"Bradford, Amory H. (Amory Howe)",1846.0,1911.0
"Bradlaugh, Charles",1833.0,1891.0
"Bragdon, Claude Fayette",1866.0,1946.0
"Braithwaite, William C. (William Charles)",1862.0,1922.0
"Brengle, Samuel Logan",1860.0,1936.0
"Brentano, Franz",1838.0,1917.0
"Brewer, George",1766.0,
"Bridgman, P. W. (Percy Williams)",1882.0,1961.0
"Brinton, Daniel G. (Daniel Garrison)",1837.0,1899.0
"Broadus, John Albert",1827.0,1895.0
"Bronson-Howard, George",1884.0,1922.0
"Brownlie, John",1857.0,1925.0
"Brownson, Orestes Augustus",1803.0,1876.0
"Bruce, H. Addington (Henry Addington)",1874.0,1959.0
"Brummitt, Stella Wyatt",,
"Buchan, John",1875.0,1940.0
"Buchanan, James",1804.0,1870.0
"Bucher, John Emery",1872.0,1943.0
"Buchheimer, L. B. (Louis Balthaser)",1872.0,1953.0
"Bulfinch, Thomas",1796.0,1867.0
"Bullinger, E. W. (Ethelbert William)",1837.0,1913.0
"Bunyan, John",1628.0,1688.0
"Burbidge, Edward",1840.0,1903.0
"Burdette, Robert J. (Robert Jones)",1844.0,1914.0
"Burgon, John William",1813.0,1888.0
"Burgoyne, Thomas H.",,
"Burnet, John",1863.0,1928.0
"Burnham, William Henry",1855.0,1941.0
"Burt, N. C. (Nathaniel Clark)",1825.0,1874.0
"Busoni, Ferruccio",1866.0,1924.0
"Bute, John Patrick Crichton-Stuart, Marquess of",1847.0,1900.0
"Butterworth, Hezekiah",1839.0,1905.0
"Byrum, Isabel C. (Isabel Coston)",1870.0,1938.0
"Böhme, Jakob",1575.0,1624.0
"Bühler, Georg",1837.0,1898.0
"Cajori, Florian",1859.0,1930.0
"Calderwood, Henry",1830.0,1897.0
"Calhoun, A. R. (Alfred Rochefort)",1844.0,
"Calmet, Augustin",1672.0,1757.0
"Cambon, Madame de (Maria Geertruida van de Werken)",,
"Cameron, Margaret",1867.0,1947.0
"Campanella, Tommaso",1568.0,1639.0
"Campion, Edmund, Saint",1540.0,1581.0
"Camus, Jean-Pierre",1584.0,1652.0
"Capel, T. J. (Thomas John)",1836.0,1911.0
"Carey, William",1761.0,1834.0
"Carlile, Richard",1790.0,1843.0
"Carlyle, Thomas",1795.0,1881.0
"Carnegie, Andrew",1835.0,1919.0
"Carrington, Hereward",1880.0,1959.0
"Carus, Paul",1852.0,1919.0
"Carvalho, David Nunes",1848.0,1925.0
"Cassels, Walter Richard",1826.0,1907.0
"Cassilly, Francis Bernard",1860.0,1938.0
"Castiglione, Baldassarre, conte",1478.0,1529.0
"Caton, Richard",1842.0,1926.0
"Caussade, Jean Pierre de",,1751.0
"Cavendish, George",1500.0,
"Celnart, Elisabeth",1796.0,1865.0
"Cervantes Saavedra, Miguel de",1547.0,1616.0
"Chadwick, G. A. (George Alexander)",1840.0,1923.0
"Chafer, Lewis Sperry",1871.0,1952.0
"Challis, James",1803.0,1882.0
"Chantal, Jeanne-Françoise de, Saint",1572.0,1641.0
"Chapin, E. H. (Edwin Hubbell)",1814.0,1880.0
"Chapone, Mrs. (Hester)",1727.0,1801.0
"Chappell, Clovis Gillham",1882.0,1972.0
"Charnock, Stephen",1628.0,1680.0
Cheiro,1866.0,1936.0
"Chekhov, Anton Pavlovich",1860.0,1904.0
"Chen, Yü-Gwan",1893.0,
Cherágh Ali,1844.0,1895.0
"Chesterfield, Philip Dormer Stanhope, Earl of",1694.0,1773.0
"Cheyne, T. K. (Thomas Kelly)",1841.0,1915.0
"Chidley, Howard J. (Howard James)",1878.0,1966.0
"Chiniquy, Charles Paschal Telesphore",1809.0,1899.0
"Chirol, Valentine, Sir",1852.0,1929.0
"Chrétien, de Troyes, active 12th century",,
"Churchill, Winston",1871.0,1947.0
"Cicero, Marcus Tullius",-106.0,-43.0
"Clapperton, Jane Hume",1832.0,1914.0
"Clarkson, Thomas",1760.0,1846.0
"Clausewitz, Carl von",1780.0,1831.0
"Cleather, Alice Leighton",,
"Cleland, John",1709.0,1789.0
"Clodd, Edward",1840.0,1930.0
"Clontz, J. (Jerry)",,
"Coates, James, Ph.D., F.A.S.",,
"Cobbe, Frances Power",1822.0,1904.0
"Cobbett, William",1763.0,1835.0
"Cocker, B. F. (Benjamin Franklin)",1821.0,1883.0
"Codman, John",1782.0,1847.0
"Coffey, P. (Peter)",1876.0,1943.0
"Coffman, C. J. (Casper James)",1885.0,
"Cole, Lawrence Thomas",1869.0,
"Coleridge, Samuel Taylor",1772.0,1834.0
"Collingwood, Stuart Dodgson",1870.0,1937.0
"Comegys, B. B. (Benjamin Bartis)",1819.0,1900.0
"Conant, Levi L. (Levi Leonard)",1857.0,1916.0
Confucius,-551.0,-479.0
"Conklin, Mary Greer",,
"Conkling, Margaret C. (Margaret Cockburn)",1814.0,1890.0
"Conway, Moncure Daniel",1832.0,1907.0
"Coombs, Charles Ira",1914.0,1994.0
"Coppens, Charles",1835.0,1920.0
"Costelloe, Laurence",,
"Cowan, James Galloway",,
"Cowles, Henry",1803.0,1881.0
"Cowley, Abraham",1618.0,1667.0
"Craigie, William A. (William Alexander), Sir",1867.0,1957.0
"Crile, George Washington",1864.0,1943.0
"Croce, Benedetto",1866.0,1952.0
"Croft, Delmer Eugene",1864.0,1925.0
"Crooke, William",1848.0,1923.0
"Crowe, Catherine",1790.0,1876.0
"Cruikshank, George",1792.0,1878.0
"Culpeper, Nicholas",1616.0,1654.0
"Culpin, Millais",1874.0,1952.0
"Cumont, Franz",1868.0,1947.0
"Curie, Marie",1867.0,1934.0
"Curwood, James Oliver",1878.0,1927.0
"Cutbush, James",1788.0,1823.0
"D'Urfey, Thomas",1653.0,1723.0
"Dabney, Robert Lewis",1820.0,1898.0
"Dacier, André",1651.0,1722.0
"Dallinger, W. H. (William Henry)",1842.0,1909.0
"Dallmann, William",1862.0,1952.0
"Daly, George Thomas",1872.0,1956.0
Dante Alighieri,1265.0,1321.0
"Darwin, Charles",1809.0,1882.0
"Dasgupta, Surendranath",1885.0,1952.0
"Dau, W. H. T. (William Herman Theodore)",1864.0,1944.0
"Daubney, William Heaford",,
"Daunou, P. C. F. (Pierre Claude François)",1761.0,1840.0
"Davenport, Reuben Briggs",,1932.0
"Davids, Thaddeus",,1894.0
"Davidson, Thomas",1840.0,1900.0
"Deane, David J.",,
"Della Casa, Giovanni",1503.0,1556.0
"Dendy, Walter Cooper",1794.0,1871.0
"Denney, James",1856.0,1917.0
"Descartes, René",1596.0,1650.0
"Dewey, John",1859.0,1952.0
"Dibble, Roy F. (Roy Floyd)",1887.0,1929.0
"Dickens, Charles",1812.0,1870.0
"Dickson, Walter G.",,
"Dietzgen, Joseph",1828.0,1888.0
Diogenes Laertius,,
"Dionysius, of Alexandria, Saint",,265.0
"Disraeli, Benjamin, Earl of Beaconsfield",1804.0,1881.0
"Ditchfield, P. H. (Peter Hampson)",1854.0,1930.0
"Dobschütz, Ernst von",1870.0,1934.0
"Doctorow, Cory",1971.0,
"Doddridge, Philip",1702.0,1751.0
"Dodds, James",1831.0,1907.0
"Dolbear, A. E. (Amos Emerson)",1837.0,1910.0
"Donat, Josef",1868.0,1946.0
"Donne, John",1572.0,1631.0
"Dostoyevsky, Fyodor",1821.0,1881.0
"Doughty, William E. (William Ellison)",1873.0,
Douglass,1818.0,1895.0
"Downing, Dennis J.",,
"Drachmann, A. B. (Anders Björn)",1860.0,1935.0
"Draycott, Gladys M.",,
"Drews, Arthur",1865.0,1935.0
"Driesch, Hans",1867.0,1941.0
"Droz, Joseph",1773.0,1850.0
"Drummond, Henry",1851.0,1897.0
"Duane, William",1760.0,1835.0
"Dubnow, Simon",1860.0,1941.0
"Dudeney, Henry Ernest",1857.0,1930.0
"Dunigan, Rosetta",,
"Dunsany, Lord",1878.0,1957.0
"Durand, Guillaume",,1296.0
"Durant, Will",1885.0,1981.0
"Durkheim, Émile",1858.0,1917.0
"Durning-Lawrence, Edwin, Sir",1837.0,1914.0
"Döllinger, Johann Joseph Ignaz von",1799.0,1890.0
"Ealand, C. A. (Charles Aubrey)",1877.0,
"Ebbinghaus, Hermann",1850.0,1909.0
"Eddington, Arthur Stanley, Sir",1882.0,1944.0
"Egan, Maurice Francis",1852.0,1924.0
"Einstein, Albert",1879.0,1955.0
"Eiselen, Frederick Carl",1872.0,1937.0
"Ellicott, C. J. (Charles John)",1819.0,1905.0
"Ellinwood, Frank F. (Frank Field)",1826.0,1908.0
"Elliott, Calvin",,
"Elmslie, W. A. L. (William Alexander Leslie)",,
"Emerson, Ralph Waldo",1803.0,1882.0
"Emmerich, Anna Katharina",1774.0,1824.0
"Engels, Friedrich",1820.0,1895.0
Epictetus,55.0,135.0
"Erasmus, Desiderius",1469.0,1536.0
"Erdman, Charles Rosenbury",1866.0,1960.0
"Eucken, Rudolf",1846.0,1926.0
Euclid,-325.0,-265.0
Euripides,,-406.0
"Evans-Wentz, W. Y. (Walter Yeeling)",1878.0,1965.0
"Faguet, Émile",1847.0,1916.0
"Falckenberg, Richard",1851.0,1920.0
"Faraday, Michael",1791.0,1867.0
"Farber, Eduard",1892.0,1969.0
"Faris, John T. (John Thomson)",1871.0,1949.0
"Farnell, Lewis Richard",1856.0,1934.0
"Farquhar, J. N. (John Nicol)",1861.0,1929.0
"Feis, Jacob",1842.0,1900.0
"Fellowes, W. D. (William Dorset)",,
"Ferguson, Smith C.",,
"Fernández Bolívar, Víctor José",1923.0,
"Ferri, Enrico",1856.0,1929.0
"Ferriar, John",1761.0,1815.0
"Feuerbach, Ludwig",1804.0,1872.0
"Fiech, Saint, Bishop of Sletty, active 6th century",,
"Figuier, Louis",1819.0,1894.0
"Fiske, John",1842.0,1901.0
"Fitch, Albert Parker",1877.0,1944.0
"Fitzgerald, F. Scott (Francis Scott)",1896.0,1940.0
"Fitzhugh, George",1806.0,1881.0
"Flaccus, Horatius",1816.0,1885.0
"Flammarion, Camille",1842.0,1925.0
"Flaubert, Gustave",1821.0,1880.0
"Fleetwood, Henry",,
"Fletcher, Horace",1849.0,1919.0
"Flourens, P. (Pierre)",1794.0,1867.0
"Floyd, William",,
Focault,1926.0,1984.0
"Fontaine, Felix",,
"Forbes, F. A. (Frances Alice)",1869.0,1936.0
"Forel, Auguste",1848.0,1931.0
"Forster, E. M. (Edward Morgan)",1879.0,1970.0
"Forsyth, J. S.",,
"Fosdick, Harry Emerson",1878.0,1969.0
"Foxe, John",1516.0,1587.0
"Franklin, Benjamin",1706.0,1790.0
"Frazer, James George",1854.0,1941.0
Frege,1848.0,1925.0
"Fresenborg, Bernard",1847.0,
"Freud, Sigmund",1856.0,1939.0
"Friedländer, M. (Michael)",1833.0,1910.0
"Fries, Amos A. (Amos Alfred)",1873.0,1963.0
"Frings, Math Josef",1819.0,1895.0
"Frothingham, Octavius Brooks",1822.0,1895.0
"Fénelon, François de Salignac de La Mothe-",1651.0,1715.0
"Gaebelein, Arno Clemens",1861.0,1945.0
"Gage, Matilda Joslyn",1826.0,1898.0
"Gahan, William",1730.0,1804.0
"Galilei, Galileo",1564.0,1642.0
"Galsworthy, John",1867.0,1933.0
"Galton, Francis",1822.0,1911.0
"Gamon, Hannibal",,
"Gandhi, Mahatma",1869.0,1948.0
"Garnet, Henry Highland",1815.0,1882.0
"Garnier, Robert",1544.0,1590.0
"Garrett, Fydell Edmund",1865.0,1907.0
"Gaskell, Elizabeth Cleghorn",1810.0,1865.0
"Gasquet, Francis Aidan",1846.0,1929.0
"Gerard, E. (Emily)",1849.0,1905.0
"Gerberding, G. H. (George Henry)",1847.0,1927.0
"Getman, Frederick Hutton",1877.0,1941.0
"Geyer, Denton Loring",1884.0,
Ghazzali,1058.0,1111.0
"Gibbons, James",1834.0,1921.0
"Gibran, Kahlil",1883.0,1931.0
"Gillespie, George",1613.0,1648.0
"Gilman, Charlotte Perkins",1860.0,1935.0
"Gilpin, Richard",1625.0,1700.0
"Ginsburg, Christian D. (Christian David)",1831.0,1914.0
"Ginzberg, Louis",1873.0,1953.0
"Giovanni, da Parma",,1289.0
"Givler, Robert Chenault",1884.0,1975.0
"Gladden, Washington",1836.0,1918.0
"Glaspell, Susan",1876.0,1948.0
"Glazebrook, Richard",1854.0,1935.0
"Gobineau, Arthur, comte de",1816.0,1882.0
"Goethe, Johann Wolfgang von",1749.0,1832.0
"Goforth, Rosalind",1864.0,1942.0
"Goldman, Emma",1869.0,1940.0
"Goldsmith, Oliver",,1774.0
"Goldziher, Ignác",1850.0,1921.0
"Goodsell, Daniel A. (Daniel Ayres)",1840.0,1909.0
"Gorham, Charles T. (Charles Turner)",1856.0,1933.0
"Gosse, Edmund",1849.0,1928.0
"Gourmont, Remy de",1858.0,1915.0
"Gowing, Thomas S.",,
"Graebner, Theodore",1876.0,1950.0
"Greenleaf, Simon",1783.0,1853.0
"Grenfell, Wilfred Thomason, Sir",1865.0,1940.0
"Griffis, William Elliot",1843.0,1928.0
"Grimm, Jacob",1785.0,1863.0
"Grisar, Hartmann",1845.0,1932.0
"Groome, Francis Hindes",1851.0,1902.0
"Groos, Karl",1861.0,1946.0
"Grote, George",1794.0,1871.0
"Guerber, H. A. (Hélène Adeline)",1859.0,1929.0
Guevara,1928.0,1967.0
"Guiney, Louise Imogen",1861.0,1920.0
"Guizot, François",1787.0,1874.0
"Gunn, John Alexander",1896.0,1975.0
"Guyau, Jean-Marie",1854.0,1888.0
"Guyon, Jeanne Marie Bouvier de la Motte",1648.0,1717.0
"Gwatkin, Henry Melvill",1844.0,1916.0
Gödel,1906.0,1978.0
"Habermann, Johann",1516.0,1590.0
"Habershon, M. H. (Matthew Henry)",1821.0,
"Hackley, E. Azalia (Emma Azalia)",1867.0,1922.0
"Haddock, Frank C. (Frank Channing)",1853.0,1915.0
"Haddon, Alfred C. (Alfred Cort)",1855.0,1940.0
"Haeckel, Ernst",1834.0,1919.0
"Haldane, J. B. S. (John Burdon Sanderson)",1892.0,1964.0
"Haldeman, Isaac Massey",1845.0,1933.0
"Halévy, Daniel",1872.0,1962.0
"Hamblin, Henry Thomas",1873.0,1958.0
"Hamerton, Philip Gilbert",1834.0,1894.0
"Hammond, C. (Charles)",,1859.0
"Hardwich, T. Frederick",1829.0,1890.0
"Hardwick, J. C. (John Charlton)",1885.0,
"Hardwicke, Herbert Junius",,
"Harland, Marion",1830.0,1922.0
"Harnack, Adolf von",1851.0,1930.0
"Harrington, James",1611.0,1677.0
"Hartland, Edwin Sidney",1848.0,1927.0
"Hartley, Cecil B.",,
"Hartshorne, Henry",1823.0,1897.0
"Hasell, Frances Hatton Eva",1886.0,1974.0
"Haslam, John",1764.0,1844.0
"Havergal, Frances Ridley",1836.0,1879.0
"Haygood, Atticus G. (Atticus Greene)",1839.0,1896.0
"Hayward, John",1781.0,1869.0
"Hazlitt, Henry",1894.0,1993.0
"Healy, Mary Tenney",,
"Hegel, Georg Wilhelm Friedrich",1770.0,1831.0
Heidegger,1889.0,1976.0
"Heindel, Max",1865.0,1919.0
"Helvetius, Johann Friedrich",,1709.0
"Hemingway, Ernest",1899.0,1961.0
"Hemphill, Scott",,
"Henney, Nella Braddy",1894.0,1973.0
"Herbart, Johann Friedrich",1776.0,1841.0
"Herford, R. Travers (Robert Travers)",1860.0,1950.0
"Herschel, John F. W. (John Frederick William)",1792.0,1871.0
"Hervey, Walter Lowrie",1862.0,1952.0
"Herzl, Theodor",1860.0,1904.0
"Hesse, Hermann",1877.0,1962.0
"Hillis, Newell Dwight",1858.0,1929.0
"Hilton, Warren",1874.0,1958.0
"Hilty, Karl",1833.0,1909.0
"Hippolytus, Antipope",,235.0
"Hirn, Y. (Yrjö)",1870.0,1952.0
"Hiscox, Edward T. (Edward Thurston)",1814.0,1901.0
"Hobbes, Thomas",1588.0,1679.0
"Hoben, Allan",1874.0,1935.0
"Hodges, George",1856.0,1919.0
"Hodgkin, L. V. (Lucy Violet)",1869.0,1954.0
"Hodous, Lewis",1872.0,1949.0
"Hodson, Thomas",,
"Hoffmann, Heinrich",1809.0,1894.0
"Hogarth, William",1697.0,1764.0
"Holbach, Paul Henri Thiry, baron d'",1723.0,1789.0
"Holbrook, M. L. (Martin Luther)",1831.0,1902.0
Homer,-750.0,-650.0
"Hooke, Robert",1635.0,1703.0
"Hoover, Thomas",1941.0,
"Hornaday, William T. (William Temple)",1854.0,1937.0
"Horton, Robert F. (Robert Forman)",1855.0,1934.0
"Houdini, Harry",1874.0,1926.0
"Howells, William Dean",1837.0,1920.0
"Howes, Ethel Puffer",1872.0,1950.0
"Hueffer, Oliver Madox",1876.0,1931.0
"Hughson, Shirley Carter",1867.0,1949.0
"Hujviri, ‘Ali ibn ‘Usman",,
"Hume, David",1711.0,1776.0
"Hurlbut, Jesse Lyman",1843.0,1930.0
"Husik, Isaac",1876.0,1939.0
"Hussain, Ahmed, Sir",1863.0,
Husserl,1859.0,1938.0
"Husted, Michael",,
"Hutchinson, Thomas",1711.0,1780.0
"Huxley, Thomas Henry",1825.0,1895.0
"Huysmans, J.-K. (Joris-Karl)",1848.0,1907.0
"Hyde, William De Witt",1858.0,1917.0
"Hügel, Friedrich, Freiherr von",1852.0,1925.0
Iamblichus,,
"Ibn Tufayl, Muhammad ibn 'Abd al-Malik",,1185.0
"Ibsen, Henrik",1828.0,1906.0
"Ingersoll, Robert Green",1833.0,1899.0
"Inman, Thomas",1820.0,1876.0
"Innes, A. Taylor (Alexander Taylor)",1833.0,1912.0
"Iqbal, Muhammad, Sir",1877.0,1938.0
"Irving, Washington",1783.0,1859.0
"Iyenaga, T. (Toyokichi)",1862.0,1936.0
"Jacox, Francis",1825.0,1897.0
"James, William",1842.0,1910.0
"Jameson, Mrs. (Anna)",1794.0,1860.0
"Jarrett, Bede",1881.0,1934.0
"Jefferson, Thomas",1743.0,1826.0
"Jellinek, Georg",1851.0,1911.0
"Jennings, Hargrave",,1890.0
"Jessopp, Augustus",1823.0,1914.0
"Johnstone, James",1870.0,1932.0
"Jomini, Antoine Henri, baron de",1779.0,1869.0
"Jonson, Ben",,1637.0
"Jourdain, Eleanor F. (Eleanor Frances)",1863.0,1924.0
"Jowett, John Henry",1864.0,1923.0
"Jung, C. G. (Carl Gustav)",1875.0,1961.0
"Kafka, Franz",1883.0,1924.0
Kagemna,,
"Kanada, Yasumasa",1949.0,2020.0
"Kane, William T. (William Terence)",1880.0,1946.0
"Kant, Immanuel",1724.0,1804.0
"Keble, John",1792.0,1866.0
"Keisch, Bernard",1932.0,
"Keister, Lawrence",,
"Keller, Helen",1880.0,1968.0
"Kellner, K. A. Heinrich (Karl Adam Heinrich)",1837.0,1915.0
"Kellogg, Samuel H. (Samuel Henry)",1839.0,1899.0
"Kelvin, William Thomson, Baron",1824.0,1907.0
"Kennon, J. L.",,
"Kerr, Stan",,
"Khuda Bukhsh, S. (Salahuddin)",1877.0,1931.0
"Kierkegaard, Søren",1813.0,1855.0
"Killen, W. D. (William Dool)",1806.0,1902.0
"Kingsford, Anna Bonus",1846.0,1888.0
"Kipling, Rudyard",1865.0,1936.0
"Kirlew, Marianne",,
"Kittredge, George Lyman",1860.0,1941.0
"Knerr, M. E. (Michael E.)",1936.0,1999.0
"Knowles, James",1811.0,1886.0
"Kohler, Kaufmann",1843.0,1926.0
"Koppenhaver, Carl E.",,
"Kornbluth, C. M. (Cyril M.)",1923.0,1958.0
"Kozminsky, Isidore",1870.0,
"Kropotkin, Petr Alekseevich, kniaz",1842.0,1921.0
Kṛṣṇadāsa Kavirāja Gosvāmi,1518.0,
"Labriola, Antonio",1843.0,1904.0
"Laing, S. (Samuel)",1812.0,1897.0
"Lamont, Gordon",,
"Lamplugh, F.",,
"Langland, William",,
"Lansing, Robert",1864.0,1928.0
Laozi,,
"Laplace, Pierre Simon, marquis de",1749.0,1827.0
"Lavater, Ludwig",1527.0,1586.0
"Lavoisier, Antoine Laurent",1743.0,1794.0
"LeCompte, Robert G.",,
"LeConte, Joseph",1823.0,1901.0
"Leach, Orville Livingston",,
"Leadbeater, C. W. (Charles Webster)",1854.0,1934.0
"Leatherbee, E. B. (Ethel Brigham)",1878.0,1955.0
"Lebert, Marie",,
"Lecky, William Edward Hartpole",1838.0,1903.0
"Ledderhose, Karl Friedrich",1806.0,1890.0
"Lefebure, Victor",,
"Leffingwell, Albert",1845.0,1916.0
"Lehmer, Derrick Norman",1867.0,1938.0
"Lehrs, Ernst",1894.0,1979.0
"Leiber, Fritz",1910.0,1992.0
"Leibniz, Gottfried Wilhelm, Freiherr von",1646.0,1716.0
"Leland, Charles Godfrey",1824.0,1903.0
"Lemley, John",1843.0,
"Leroux, Gaston",1868.0,1927.0
"Leslie, Eliza",1787.0,1858.0
"Leuba, James H. (James Henry)",1868.0,1946.0
"Liebig, Justus, Freiherr von",1803.0,1873.0
"Liguori, Alfonso Maria de', Saint",1696.0,1787.0
"Lillie, Arthur",1831.0,1911.0
"Lilly, William",1602.0,1681.0
"Lincoln, Abraham",1809.0,1865.0
"Lindlahr, Henry",1862.0,1924.0
"Linebarger, Paul Myron Anthony",1913.0,1966.0
"Lings, Albert A.",,1915.0
"Linton, E. Lynn (Elizabeth Lynn)",1822.0,1898.0
"Lippmann, Walter",1889.0,1974.0
"Lisle, Lionel",,
"Livingstone, W. P. (William Pringle)",1864.0,1950.0
"Llull, Ramon",,1316.0
"Locke, John",1632.0,1704.0
"Lockwood, Ingersoll",1841.0,1918.0
"Logan, John Alexander",1826.0,1886.0
"Loisette, A. (Alphonse)",,
"Lomax, Louis E.",1922.0,1970.0
"Lombroso, Cesare",1835.0,1909.0
"Longinus, active 1st century",,
"Longley, Mary T. (Mary Theresa)",1853.0,1928.0
"Lorentz, H. A. (Hendrik Antoon)",1853.0,1928.0
"Lorenz, Edmund S. (Edmund Simon)",1854.0,1942.0
"Loria, Achille",1857.0,1943.0
"Loughlin, James F.",1851.0,1911.0
"Lovecraft, H. P. (Howard Phillips)",1890.0,1937.0
"Lozo, Fredric B.",1941.0,
"Lubbock, John, Sir",1834.0,1913.0
"Lucian, of Samosata",120.0,180.0
"Lucretius Carus, Titus",-95.0,-55.0
"Ludovici, Anthony M. (Anthony Mario)",1882.0,1971.0
"Lundquist, Matthew Nathanael",1886.0,1964.0
Luther,1483.0,1546.0
"Lutz, Alma",,
"Lytton, Edward Bulwer Lytton, Baron",1803.0,1873.0
"Lévi, Éliphas",1810.0,1875.0
"Lévy-Bruhl, Lucien",1857.0,1939.0
"Mabini, Apolinario",1864.0,1903.0
"MacCulloch, J. A. (John Arnott)",1868.0,1950.0
"MacNeil, John",,
"MacRory, Joseph",1861.0,1945.0
"Mach, Ernst",1838.0,1916.0
"Machar, Agnes Maule",1837.0,1927.0
"Machen, J. Gresham (John Gresham)",1881.0,1937.0
"Machiavelli, Niccolò",1469.0,1527.0
"Mackarness, Henry S., Mrs.",1826.0,1881.0
"Mackey, Albert Gallatin",1807.0,1881.0
"Maclagan, Robert Craig",1839.0,1919.0
"Maclise, Joseph",,
"Macquer, Pierre Joseph",1718.0,1784.0
"Mactear, James",,
Madhava,,1386.0
"Maeterlinck, Maurice",1862.0,1949.0
"Mahaffy, J. P. (John Pentland)",1839.0,1919.0
"Mahood, J. W. (John Wilmot)",1864.0,1955.0
"Maimon, Solomon",1754.0,1800.0
"Maimonides, Moses",1135.0,1204.0
"Maitland, Edward",1824.0,1897.0
"Mallock, W. H. (William Hurrell)",1849.0,1923.0
"Malory, Thomas, Sir",,1471.0
"Mandeville, Bernard",1670.0,1733.0
"Mangasarian, M. M. (Mangasar Mugurditch)",1859.0,1943.0
"Maniri, Sharaf al-Din Ahmad ibn Yahya",,
"Mansel, Henry Longueville",1820.0,1871.0
"Mapes, Victor",1870.0,1943.0
"Marcet, Mrs. (Jane Haldimand)",1769.0,1858.0
"Marden, Orison Swett",1848.0,1924.0
"Marion, Fulgence",,
"Marlowe, Christopher",1564.0,1593.0
"Marryat, Florence",1837.0,1899.0
"Marson, Charles L. (Charles Latimer)",1858.0,1914.0
"Martindale, Joseph C. (Joseph Comly)",1833.0,1872.0
"Martine, Arthur",,
"Martinengo-Cesaresco, Evelyn Lilian Hazeldine Carrington, contessa",1852.0,1931.0
"Marx, Karl",1818.0,1883.0
"Masham, Damaris, Lady",1658.0,1708.0
"Masson, David",1822.0,1907.0
"Mastin, John",1865.0,
"Mathews, Basil",1879.0,1951.0
"Maupassant, Guy de",1850.0,1893.0
"Mayow, Mayow Wynell",1810.0,1895.0
"McAfee, Cleland Boyd",1866.0,1944.0
"McCaul, Alexander",1799.0,1863.0
"McCrae, John",1872.0,1918.0
"McDonald, W. (William)",1820.0,1901.0
"McDowall, Stewart Andrew",1882.0,1935.0
"McFadyen, John Edgar",1870.0,1933.0
"McGilvary, Daniel",1828.0,1911.0
"McGovern, John",1850.0,1917.0
"McIlhenny, Loyce J.",,
"McIntyre, J. Lewis (James Lewis)",1868.0,
"McIvor-Tyndall, Alexander J. (Alexander James)",,1940.0
"McLachlan, D. B.",,
"McNair, George Hastings",,
"McQuilkin, Robert Crawford",1886.0,1952.0
"McSpadden, J. Walker (Joseph Walker)",1874.0,1960.0
"Meadowcroft, Wm. H. (William Henry)",1853.0,
"Mechthild, of Magdeburg",,
"Melamed, S. M.",1885.0,1938.0
"Melanchthon, Philipp",1497.0,1560.0
"Melville, Herman",1819.0,1891.0
"Mencken, H. L. (Henry Louis)",1880.0,1956.0
"Mendeleyev, Dmitry Ivanovich",1834.0,1907.0
"Menzies, Allan",1845.0,1916.0
"Michelet, Jules",1798.0,1874.0
"Mill, John Stuart",1806.0,1873.0
"Milton, John",1608.0,1674.0
"Minto, William",1845.0,1893.0
"Moir, George",1800.0,1870.0
"Moisa, Dorin Teodor",,
"Molloy, Gerald",1834.0,1906.0
"Monier-Williams, Monier, Sir",1819.0,1899.0
"Montaigne, Michel de",1533.0,1592.0
"Moore, G. E. (George Edward)",1873.0,1958.0
"Morison, William",1843.0,1937.0
"Morley, John",1838.0,1923.0
"Morrison, Charles R. (Charles Robert)",1819.0,1893.0
"Mortimer, Favell Lee",1802.0,1878.0
"Mortimore, D.",,
"Mosso, A. (Angelo)",1846.0,1910.0
"Moszkowski, Alexander",1851.0,1934.0
"Moule, H. C. G. (Handley Carr Glyn)",1841.0,1920.0
"Muhammad, Prophet",,632.0
"Mukerji, A. P., swámi",,
"Munro, John",1849.0,1930.0
"Mussolini, Benito",1883.0,1945.0
"Myerson, Abraham",1881.0,1948.0
"Münsterberg, Hugo",1863.0,1916.0
"Napoleon I, Emperor of the French",1769.0,1821.0
"Naquet, Alfred",1834.0,1916.0
"Nassau, Robert Hamill",1835.0,1921.0
"Naville, Ernest",1816.0,1909.0
"Naylor, Charles Wesley",1874.0,1950.0
"Negretti, Enrico Angelo Lodovico",1818.0,1879.0
"Newcastle, Margaret Cavendish, Duchess of",,1674.0
"Newcomb, Harvey",1803.0,1863.0
"Newth, Samuel",1821.0,1898.0
"Newton, Isaac",1642.0,1727.0
"Nickerson, Hoffman",1888.0,1965.0
"Nicole, Pierre",1625.0,1695.0
"Nicolini, G. B. (Giovanni Battista)",,
"Nietzsche, Friedrich Wilhelm",1844.0,1900.0
"Nilus, Sergiei",1862.0,1930.0
"Nitobe, Inazo",1862.0,1933.0
"Noe, A. H.",,
"Nordau, Max Simon",1849.0,1923.0
"Nordmann, Charles",1881.0,1940.0
Nostradamus,1503.0,1566.0
"Notovitch, Nicolas",1858.0,
"Noyes, Carleton Eldredge",1872.0,1950.0
"Nukariya, Kaiten",,
"O'Donnell, Elliott",1872.0,1965.0
"O'Leary, De Lacy",1872.0,1957.0
"O'Malley, Austin",1858.0,1932.0
"Oakesmith, John",,
"Ober, Charles K. (Charles Kellogg)",1856.0,
"Oesterley, W. O. E. (William Oscar Emil)",1866.0,1950.0
"Offen, Benjamin",,
"Ogilvie, William",1688.0,1729.0
"Okakura, Yoshisaburo",1868.0,1936.0
"Olcott, Henry Steel",1832.0,1907.0
"Oppenheim, L. (Lassa)",1858.0,1919.0
"Ordway, Edith B. (Edith Bertha)",1877.0,1944.0
Origen,184.0,253.0
"Orr, Charles Ebert",1861.0,1933.0
"Orton, Arthur W.",,
"Osborne, Zenas",,
"Osgood, Samuel",1812.0,1880.0
"Osler, William, Sir",1849.0,1919.0
"Ostwald, Wilhelm",1853.0,1932.0
"Oswald, Felix L. (Felix Leopold)",1845.0,1906.0
"Otto, Rudolf",1869.0,1937.0
Oxonian,,
"Packer, Thomas",,
"Paine, Thomas",1737.0,1809.0
"Palmieri, Luigi",1807.0,1896.0
"Pankhurst, Emmeline",1858.0,1928.0
"Pannekoek, Anton",1873.0,1960.0
"Papini, Giovanni",1881.0,1956.0
"Pardo de Tavera, T. H. (Trinidad Hermenegildo)",1857.0,1925.0
"Parlette, Ralph Albert",1870.0,1930.0
"Pascal, Blaise",1623.0,1662.0
"Pasteur, Louis",1822.0,1895.0
Patañjali,,
"Patmore, Coventry",1823.0,1896.0
"Paton, John Gibson",1824.0,1907.0
"Patterson, Robert",1829.0,1885.0
Paulist Fathers,,
"Paullin, Theodore",,
"Payne-Gallwey, Ralph, Sir",1848.0,1916.0
"Peabody, Andrew P. (Andrew Preston)",1811.0,1893.0
"Pease, Edward R. (Edward Reynolds)",1857.0,1955.0
"Peirce, Charles S. (Charles Sanders)",1839.0,1914.0
"Pemberton, Henry",1694.0,1771.0
"Penrose, Francis",1718.0,1798.0
"Petrarca, Francesco",1304.0,1374.0
"Petrie, W. M. Flinders (William Matthew Flinders)",1853.0,1942.0
Petronius Arbiter,20.0,66.0
"Pettigrew, James Bell",1834.0,1908.0
"Phelan, Michael J.",,
"Phelips, Vivian",1860.0,
"Phillimore, Joseph",1750.0,1831.0
"Philpot, J. H., Mrs.",,
"Phin, John",1830.0,1913.0
"Phipps, Edward James",,
"Piccoli, Raffaello",1886.0,1933.0
"Picton, J. Allanson (James Allanson)",1832.0,1910.0
"Piesse, G. W. Septimus (George William Septimus)",1820.0,1882.0
"Pitt-Rivers, George Henry Lane Fox",1890.0,1966.0
Plato,-428.0,-348.0
"Playfair, William",1759.0,1823.0
Plotinus,204.0,270.0
"Plummer, Alfred",1841.0,1926.0
"Plunket, Emmeline M. (Emmeline Mary)",1835.0,
"Plunkitt, George Washington",1842.0,1924.0
Plutarch,46.0,119.0
"Podmore, Frank",1856.0,1910.0
"Poe, Edgar Allan",1809.0,1849.0
"Pohle, Joseph",1852.0,1922.0
"Polidori, John William",1795.0,1821.0
"Pollock, Horatio M. (Horatio Milo)",1868.0,1950.0
"Pollyen, Howard D.",,
"Powys, John Cowper",1872.0,1963.0
"Pozzi-Escot, M. Emm. (Marius Emmanuel)",1880.0,
"Prakashananda, Swami",1874.0,1927.0
"Premananda Bharati, Baba",1857.0,1914.0
"Preyer, William T.",1841.0,1897.0
"Prichard, H. A. (Harold Arthur)",1871.0,1947.0
"Priestley, Joseph",1733.0,1804.0
"Prime-Stevenson, Edward",1858.0,1942.0
"Proudhon, P.-J. (Pierre-Joseph)",1809.0,1865.0
"Proust, Marcel",1871.0,1922.0
Ptolemy,,
"Punshon, William Morley",1824.0,1881.0
"Pyle, Howard",1853.0,1911.0
"Pérez Galdós, Benito",1843.0,1920.0
"Quadrupani, Carlo Giuseppe",,
"Quigley, Edward J.",,
"Raby, Richard",,
"Ragozin, Zénaïde A. (Zénaïde Alexeïevna)",1835.0,1924.0
"Railton, George S. (George Scott)",1849.0,1913.0
"Raizizun, Yacki",1892.0,1966.0
"Ramsay, William",1852.0,1916.0
"Ramus, Petrus",1515.0,1572.0
"Rand, Ayn",1905.0,1982.0
"Randolph, B.  W. (Berkeley William)",1858.0,1925.0
"Ranney, Dave",1863.0,
"Ransome, Arthur",1884.0,1967.0
"Rashdall, Hastings",1858.0,1924.0
"Rauschenbusch, Walter",1861.0,1918.0
"Rawlinson, A. E. J. (Alfred Edward John)",1884.0,1960.0
"Reber, George",,
"Redgrove, H. Stanley (Herbert Stanley)",1887.0,1943.0
"Rees, Byron J. (Byron Johnson)",1877.0,1920.0
"Reeve, Arthur B. (Arthur Benjamin)",1880.0,1936.0
"Regester, J. A. (Jacob Asbury)",1892.0,1914.0
"Reidenbach, Clarence",,
"Reisner, George Andrew",1867.0,1942.0
"Remsburg, John E. (John Eleazer)",1848.0,1919.0
"Reynolds, Frances",1729.0,1807.0
"Rhees, Rush",1860.0,1939.0
"Ribot, Th. (Théodule)",1839.0,1916.0
"Rickaby, Joseph",1845.0,1932.0
"Ricker, Marilla M. (Marilla Marks)",1840.0,1920.0
"Ridgley, Thomas",,1734.0
"Ridgway, John L.",1859.0,1947.0
"Rimmer, Harry",1890.0,1952.0
"Ritchie, J. Ewing (James Ewing)",1820.0,1898.0
"Rivenburg, Romeyn Henry",,
"Rizal, José",1861.0,1896.0
"Robison, John",1739.0,1805.0
"Rockwell, Carey",,
"Rolle, Richard, of Hampole",,1349.0
"Rolleston, T. W. (Thomas William)",1857.0,1920.0
"Romanes, George John",1848.0,1894.0
"Roosevelt, Theodore",1858.0,1919.0
"Rothschild, Alonzo",1862.0,1915.0
"Rousseau, Jean-Jacques",1712.0,1778.0
"Routledge, George",1812.0,1888.0
"Rowland, Henry Augustus",1848.0,1901.0
"Rumford, Benjamin, Graf von",1753.0,1814.0
"Ruskin, John",1819.0,1900.0
"Russell, Bertrand",1872.0,1970.0
"Ryan, John A. (John Augustine)",1869.0,1945.0
"Rydberg, Viktor",1828.0,1895.0
"Ryden, Ernest Edwin",,
"Ryerson, Egerton",1803.0,1882.0
"Ryle, J. C. (John Charles)",1816.0,1900.0
"Réville, Albert",1826.0,1906.0
"Sabatier, Auguste",1839.0,1901.0
"Sadger, J.",1867.0,1942.0
"Sadler, M. F. (Michael Ferrebee)",1819.0,1895.0
"Sadlier, J., Mrs.",1820.0,1903.0
"Sainte-Foi, Charles",1806.0,1861.0
"Saltus, Edgar",1855.0,1921.0
"Sampter, Jessie E. (Jessie Ethel)",1883.0,1938.0
"Sanday, W. (William)",1843.0,1920.0
"Sanford, P. Gerald (Percy Gerald)",,
"Sanger, Margaret",1879.0,1966.0
"Santayana, George",1863.0,1952.0
Sartre,1905.0,1980.0
"Sayce, A. H. (Archibald Henry)",1845.0,1933.0
"Schauffler, Robert Haven",1879.0,1964.0
"Schechter, S. (Solomon)",1847.0,1915.0
"Scheele, Carl Wilhelm",1742.0,1786.0
"Schele de Vere, M. (Maximilian)",1820.0,1898.0
"Schiller, Friedrich",1759.0,1805.0
"Schlegel, Friedrich von",1772.0,1829.0
"Schmemann, Alexander",1921.0,1983.0
"Schmid, Rudolf",1828.0,1907.0
"Schoffen, Elizabeth",1861.0,
"Scholten, Johannes Henricus",1811.0,1885.0
"Schopenhauer, Arthur",1788.0,1860.0
"Schuyler, George S. (George Samuel)",1895.0,1977.0
"Schwegler, Albert",1819.0,1857.0
"Schweitzer, Albert",1875.0,1965.0
"Scrivener, Frederick Henry Ambrose",1813.0,1891.0
"Scully, Vincent",,
"Sears, F. W. (Franklin Warren)",1863.0,
"Seelye, Edward Eli",1819.0,1864.0
"Seemann, Otto",1825.0,1901.0
"Seibert, Fred R.",,
"Seiss, Joseph Augustus",1823.0,1904.0
"Sellars, Roy Wood",1880.0,1973.0
"Sellon, Edward",,1866.0
"Seneca, Lucius Annaeus",,65.0
Sengcan,,606.0
Sepharial,1864.0,1929.0
"Seton, Julia",1862.0,1950.0
"Shackleton, Ernest Henry, Sir",1874.0,1922.0
"Shakespeare, William",1564.0,1616.0
"Sharswood, George",1810.0,1883.0
"Shedd, William G. T. (William Greenough Thayer)",1820.0,1894.0
"Sherlock, Thomas",1678.0,1761.0
"Sherwood, M. E. W. (Mary Elizabeth Wilson)",1826.0,1903.0
"Shestov, Lev",1866.0,1938.0
Shinran,1173.0,1263.0
"Shoghi, Effendi",1897.0,1957.0
"Sidgwick, Henry",1838.0,1900.0
"Sikes, Wirt",1836.0,1883.0
"Sindall, R. W. (Robert Walter)",,
"Sinistrari, Ludovico Maria",1622.0,1701.0
"Skeat, Walter William",1866.0,1953.0
"Slade, James",1783.0,1860.0
"Slattery, Margaret",,
"Slosson, Edwin E. (Edwin Emery)",1865.0,1929.0
"Slowinski, David",,
"Smith, Adam",1723.0,1790.0
"Smithson, E. W. (Edward Walter), active 19th century",,
"Smolnikar, Andrew B. (Andreas Bernardus)",1795.0,1869.0
"Snouck Hurgronje, C. (Christiaan)",1857.0,1936.0
"Snowden, James H. (James Henry)",1852.0,1936.0
"Snowman, Jacob",1871.0,
"Somerville, Mary",1780.0,1872.0
"Soo, Chung Ling",1861.0,1918.0
Sophocles,-496.0,-406.0
"Sorley, W. R. (William Ritchie)",1855.0,1935.0
"Sotheran, Charles",1847.0,1902.0
"Soulsby, Lucy Helen Muriel",1856.0,1927.0
"Southwell, Charles",1814.0,1860.0
"Spalding, Thomas Alfred",1850.0,
"Speer, Robert E. (Robert Elliott)",1867.0,1947.0
"Spence, Lewis",1874.0,1955.0
"Spenser, Edmund",1551.0,1599.0
"Spicer, William Ambrose",1865.0,1952.0
"Spinoza, Benedictus de",1632.0,1677.0
"Spurgeon, Caroline F. E. (Caroline Frances Eleanor)",1869.0,1942.0
"Squier, Edward Summers",,
"Stace, W. T. (Walter Terence)",1886.0,1967.0
"Stalker, James",1848.0,1927.0
"Stanley, Hiram Miner",,
"Stanoyevich, Milivoy S. (Milivoy Stoyan)",1882.0,1973.0
"Stanton, Elizabeth Cady",1815.0,1902.0
"Stapleton, John H. (John Henry)",1873.0,
"Starke, D.",,
"Starr, Frederick",1858.0,1933.0
"Staveley, Lilian",,1928.0
"Stebbing, W. (William)",1832.0,1926.0
"Steedman, Amy",,
"Steffens, Lincoln",1866.0,1936.0
"Stein, Armin",1840.0,1929.0
"Steinmetz, Margaret Bird",,
"Stekel, Wilhelm",1868.0,1940.0
"Sterne, Laurence",1713.0,1768.0
"Stieglitz, Julius",1867.0,1937.0
"Stirner, Max",1806.0,1856.0
"Stoddard, Lothrop",1883.0,1950.0
"Stoddart, Jane T.",1863.0,1944.0
"Stoughton, John",1807.0,1897.0
"Stowe, Harriet Beecher",1811.0,1896.0
"Strahan, James",1863.0,1926.0
"Strauss, David Friedrich",1808.0,1874.0
"Strunk, William",1869.0,1946.0
"Stryker, Elisabeth G.",,
"Studd, C. T. (Charles Thomas)",1860.0,1931.0
"Sunzi, active 6th century B.C.",,
"Sutro, Emil",1832.0,1906.0
"Suzuki, Daisetz Teitaro",1870.0,1966.0
"Swain, Richard La Rue",1860.0,
"Swedenborg, Emanuel",1688.0,1772.0
"Sweeney, Z. T. (Zachary Taylor)",1849.0,1926.0
"Sylvain, Adrien",1826.0,1914.0
"Symonds, John Addington",1840.0,1893.0
"Synge, J. M. (John Millington)",1871.0,1909.0
"Taft, William H. (William Howard)",1857.0,1930.0
"Tagore, Rabindranath",1861.0,1941.0
"Taine, Hippolyte",1828.0,1893.0
"Tawney, R. H. (Richard Henry)",1880.0,1962.0
"Tefft, Lyman Beecher",1833.0,
"Terry, Milton Spenser",1840.0,1914.0
"Thacher, James",1754.0,1844.0
"Thatcher, Roscoe Wilfred",1872.0,1933.0
Theophrastus,-371.0,-287.0
"Thiselton-Dyer, T. F. (Thomas Firminger)",1848.0,1923.0
"Thoreau, Henry David",1817.0,1862.0
"Thorndike, Lynn",1882.0,1965.0
"Threlfall, Richard",,
"Thurston, Edgar",1855.0,1935.0
"Thérèse, de Lisieux, Saint",1873.0,1897.0
"Tidwell, Josiah Blake",1870.0,1946.0
"Tiffany, Joel",1811.0,1893.0
"Tileston, Mary Wilder",1843.0,1934.0
"Timpson, Thomas",1790.0,1860.0
"Tissot, S. A. D. (Samuel Auguste David)",1728.0,1797.0
"Titchener, Edward Bradford",1867.0,1927.0
"Tocqueville, Alexis de",1805.0,1859.0
"Todd, Thomas Olman",,
"Todhunter, John",1839.0,1916.0
"Toland, John",1670.0,1722.0
"Tolstoy, Leo, graf",1828.0,1910.0
"Toomer, Jean",1894.0,1967.0
"Torrey, R. A. (Reuben Archer)",1856.0,1928.0
"Tozer, A. W. (Aiden Wilson)",1897.0,1963.0
"Tressell, Robert",1870.0,1911.0
"Trollope, Anthony",1815.0,1882.0
"Trotsky, Leon",1879.0,1940.0
"Troward, T. (Thomas)",1847.0,1916.0
"Trumbull, H. Clay (Henry Clay)",1830.0,1903.0
"Tullidge, Edward W. (Edward William)",1829.0,1894.0
"Tulloch, John",1823.0,1886.0
"Tupper, Martin Farquhar",1810.0,1889.0
"Turgenev, Ivan Sergeevich",1818.0,1883.0
Turing,1912.0,1952.0
"Turton, W. H. (William Harry)",1856.0,1938.0
"Tuthill, Charles A. H.",,
"Tuttle, Hudson",1836.0,1910.0
"Twain, Mark",1835.0,1910.0
"Tweedale, Violet",,1936.0
"Tweedie, W. K. (William King)",1803.0,1863.0
"Tyack, Geo. S. (George Smith)",,
"Tyerman, L. (Luke)",1819.0,1889.0
"Tylor, Edward B. (Edward Burnett)",1832.0,1917.0
"Tyndale, William",1492.0,1536.0
"Tyndall, John",1820.0,1893.0
"Tyrrell, George",1861.0,1909.0
"Unamuno, Miguel de",1864.0,1936.0
"Urner, Nathan Dane",1839.0,1893.0
"Vacandard, E. (Elphège)",1849.0,1927.0
"Vaknin, Samuel",1961.0,
"Valla, Lorenzo",1407.0,1457.0
Valmiki,,
"Valuy, Benôit",1808.0,1869.0
"Velimirović, Nikolaj",1880.0,1956.0
"Venable, Lyn",,
"Venn, John",1834.0,1923.0
"Verne, Jules",1828.0,1905.0
Vidyāpati Thākura,,1448.0
"Vignoli, Tito",1828.0,1914.0
Virgil,-70.0,-19.0
"Vivekananda, Swami",1863.0,1902.0
"Volney, C.-F. (Constantin-François)",1757.0,1820.0
Voltaire,1694.0,1778.0
"Vonnegut, Kurt",1922.0,2007.0
"Waite, Arthur Edward",1857.0,1942.0
"Waley, Arthur",1889.0,1966.0
"Wallas, Graham",1858.0,1932.0
"Waln, Robert",1765.0,1836.0
"Walpole, Horace",1717.0,1797.0
"Walsh, James J. (James Joseph)",1865.0,1942.0
"Warford, Aaron A.",,
"Warschauer, Joseph",1869.0,
"Warton, John",1770.0,1841.0
"Warwick, Eden",,1873.0
"Washburn, L. K. (Lemuel Kelley)",1846.0,1927.0
"Watters, Thomas",1840.0,1901.0
"Wattles, W. D.",1860.0,1911.0
"Weinbaum, Stanley G. (Stanley Grauman)",1902.0,1935.0
"Wertenbaker, Thomas Jefferson",1879.0,1966.0
"Wesley, John",1703.0,1791.0
"Westbrook, Richard B. (Richard Brodhead)",,
"Westermarck, Edward",1862.0,1939.0
"Weymouth, Richard Francis",1822.0,1902.0
"Wharton, Edith",1862.0,1937.0
"Whewell, William",1794.0,1866.0
"Whipple, Henry Benjamin",1822.0,1901.0
"Whitefield, George",1714.0,1770.0
"Whitehead, Alfred North",1861.0,1947.0
"Whiteside, Robertson L.",1869.0,1951.0
"Whiting, Lilian",1847.0,1942.0
"Whitman, Walt",1819.0,1892.0
"Whitney, Orson F. (Orson Ferguson)",1855.0,1931.0
"Whiton, James Morris",1833.0,1920.0
"Whittaker, Thomas",1856.0,1935.0
"Whyte, Alexander",1836.0,1921.0
"Wiedemann, Alfred",1856.0,1936.0
"Wiggin, Edith E.",,
"Wilbur, Henry Watson",1851.0,1914.0
"Wilcox, Ella Wheeler",1850.0,1919.0
"Wilde, Oscar",1854.0,1900.0
"Williamson, Mabel",,
"Willis, Robert",1799.0,1878.0
"Wilmot-Buxton, E. M. (Ethel Mary)",,
"Wimberly, C. F. (Charles Franklin)",1866.0,1946.0
"Winckelmann, Johann Joachim",1717.0,1768.0
"Windle, Bertram Coghill Alan, Sir",1858.0,1929.0
"Windsor, William",1857.0,
"Winnington Ingram, Arthur F. (Arthur Foley)",1858.0,1946.0
Wittgenstein,1889.0,1951.0
"Wodehouse, C. N. (Charles Nourse)",1790.0,1870.0
"Woodman, J. M.",,
"Woodruff, Wilford",1807.0,1898.0
"Woodworth, Robert Sessions",1869.0,1962.0
"Woolf, Virginia",1882.0,1941.0
"Woolfenden, Glen Everett",1930.0,
"Woolman, John",1720.0,1772.0
"Worsfold, J. N. (John Napper)",,
"Wundt, Wilhelm Max",1832.0,1920.0
"Wylie, Philip",1902.0,1971.0
Xenophon,-431.0,-355.0
"Yeardley, John",1786.0,1858.0
"Yeats, W. B. (William Butler)",1865.0,1939.0
"Yogananda, Paramahansa",1893.0,1952.0
"Yonge, Charlotte M. (Charlotte Mary)",1823.0,1901.0
Yoritomo-Tashi,,1940.0
"Yost, Casper S. (Casper Salathiel)",1864.0,1941.0
"Zamiatin, Evgenii Ivanovich",1884.0,1937.0
"Zangwill, Israel",1864.0,1926.0
Zhuangzi,,
"Zimmermann, Johann Georg",1728.0,1795.0
Zitkala-Sa,1876.0,1938.0
"Zola, Émile",1840.0,1902.0
"Čapek, Karel",1890.0,1938.0
ʻAbdu'l-Bahá,1844.0,1921.0
Godel,1906.0,1978.0